name,datetime,temp,feelslike,dew,humidity,precip,precipprob,preciptype,snow,snowdepth,windgust,windspeed,winddir,sealevelpressure,cloudcover,visibility,solarradiation,solarenergy,uvindex,severerisk,conditions,icon,stations
"Mexico City,Mexico",2024-02-11T00:00:00,16.1,16.1,-1.7,29.53,0,0,,0,0,12.6,9,222.2,1014,0,24.1,0,0,0,10,Clear,clear-night,
"Mexico City,Mexico",2024-02-11T01:00:00,15.5,15.5,-1.2,31.84,0,0,,0,0,13,9,225.8,1014,0,24.1,0,0,0,10,Clear,clear-night,
"Mexico City,Mexico",2024-02-11T02:00:00,15,15,-0.1,35.62,0,0,,0,0,14,9.7,223.3,1014,0,24.1,0,0,0,10,Clear,clear-night,
"Mexico City,Mexico",2024-02-11T03:00:00,14.5,14.5,0.6,38.7,0,0,,0,0,13.7,9.4,225.4,1013,0,24.1,0,0,0,10,Clear,clear-night,
"Mexico City,Mexico",2024-02-11T04:00:00,14.2,14.2,0.5,39.18,0,0,,0,0,14.4,9.4,213,1013,0,24.1,0,0,0,10,Clear,clear-night,
"Mexico City,Mexico",2024-02-11T05:00:00,14.1,14.1,-1,35.36,0,0,,0,0,13,8.6,216.8,1013,2.2,24.1,0,0,0,10,Clear,clear-night,
"Mexico City,Mexico",2024-02-11T06:00:00,13.8,13.8,-2.9,31.34,0,0,,0,0,10.8,7.9,231,1013,0.8,24.1,0,0,0,10,Clear,clear-night,
"Mexico City,Mexico",2024-02-11T07:00:00,13.6,13.6,-4.5,28.17,0,0,,0,0,11.2,8.6,230.7,1014,0,24.1,0,0,0,10,Clear,clear-night,
"Mexico City,Mexico",2024-02-11T08:00:00,14.1,14.1,-5.8,24.71,0,0,,0,0,11.2,8.3,221,1014,0,24.1,51,0.2,1,10,Clear,clear-day,
"Mexico City,Mexico",2024-02-11T09:00:00,16.3,16.3,-7.5,18.83,0,0,,0,0,9.7,6.5,213.4,1014,0,24.1,284,1,3,10,Clear,clear-day,
"Mexico City,Mexico",2024-02-11T10:00:00,18.6,18.6,-8.2,15.43,0,0,,0,0,11.2,5,194,1013,0,24.1,527,1.9,5,10,Clear,clear-day,
"Mexico City,Mexico",2024-02-11T11:00:00,20.8,20.8,-7,14.76,0,0,,0,0,15.1,3.6,211.4,1013,0,24.1,729,2.6,7,10,Clear,clear-day,
"Mexico City,Mexico",2024-02-11T12:00:00,22.1,22.1,-5.5,15.29,0,0,,0,0,22.7,7.6,225.7,1011,0,24.1,869,3.1,9,10,Clear,clear-day,
"Mexico City,Mexico",2024-02-11T13:00:00,23.4,23.4,-4.4,15.36,0,0,,0,0,31.7,14,243.9,1009,0,24.1,936,3.4,9,10,Clear,clear-day,
"Mexico City,Mexico",2024-02-11T14:00:00,24.1,24.1,-3.9,15.29,0,0,,0,0,34.2,19.8,237.1,1007,1.3,24.1,921,3.3,9,10,Clear,clear-day,
"Mexico City,Mexico",2024-02-11T15:00:00,24.1,24.1,-3.9,15.29,0,0,,0,0,36.4,20.5,231.6,1006,1.3,24.1,832,3,8,10,Clear,clear-day,
"Mexico City,Mexico",2024-02-11T16:00:00,23.6,23.6,-3.6,16.11,0,0,,0,0,34.9,22.7,239.3,1006,1.3,24.1,672,2.4,7,10,Clear,clear-day,
"Mexico City,Mexico",2024-02-11T17:00:00,22.5,22.5,-2.9,18.14,0,0,,0,0,32.8,22,239.2,1007,0,24.1,456,1.6,5,10,Clear,clear-day,
"Mexico City,Mexico",2024-02-11T18:00:00,20.9,20.9,-1.8,21.7,0,0,,0,0,29.9,20.5,240.2,1009,0,24.1,207,0.7,2,10,Clear,clear-day,
"Mexico City,Mexico",2024-02-11T19:00:00,19.6,19.6,-1.4,24.22,0,0,,0,0,25.6,14,219.6,1010,0,24.1,18,0.1,0,10,Clear,clear-night,
"Mexico City,Mexico",2024-02-11T20:00:00,18.8,18.8,-1,26.22,0,0,,0,0,21.6,12.2,212.4,1011,0,24.1,0,0,0,10,Clear,clear-night,
"Mexico City,Mexico",2024-02-11T21:00:00,18,18,-0.8,27.97,0,0,,0,0,20.5,10.4,217.1,1013,0,24.1,0,0,0,10,Clear,clear-night,
"Mexico City,Mexico",2024-02-11T22:00:00,17.3,17.3,-0.7,29.45,0,0,,0,0,14,8.3,210.7,1013,0,24.1,0,0,0,10,Clear,clear-night,
"Mexico City,Mexico",2024-02-11T23:00:00,16.8,16.8,-0.9,29.95,0,0,,0,0,10.8,7.9,208.4,1013,0,24.1,0,0,0,10,Clear,clear-night,
"Mexico City,Mexico",2024-02-12T00:00:00,16.3,16.3,-1.2,30.25,0,0,,0,0,11.5,9,213.5,1013,0,24.1,0,0,0,10,Clear,clear-night,
"Mexico City,Mexico",2024-02-12T01:00:00,15.8,15.8,-1.4,30.78,0,0,,0,0,11.9,8.6,208.8,1013,0,24.1,0,0,0,10,Clear,clear-night,
"Mexico City,Mexico",2024-02-12T02:00:00,15.4,15.4,-1.4,31.57,0,0,,0,0,9,6.1,211.7,1012,0,24.1,0,0,0,10,Clear,clear-night,
"Mexico City,Mexico",2024-02-12T03:00:00,14.9,14.9,-1.2,33.09,0,0,,0,0,8.3,6.5,244.9,1013,0,24.1,0,0,0,10,Clear,clear-night,
"Mexico City,Mexico",2024-02-12T04:00:00,14.5,14.5,-1,34.45,0,0,,0,0,8.6,6.8,212.2,1012,0,24.1,0,0,0,10,Clear,clear-night,
"Mexico City,Mexico",2024-02-12T05:00:00,14.2,14.2,-0.7,35.91,0,0,,0,0,8.3,6.8,235.6,1013,0,24.1,0,0,0,10,Clear,clear-night,
"Mexico City,Mexico",2024-02-12T06:00:00,13.9,13.9,-0.6,36.88,0,0,,0,0,8.6,6.5,219.4,1014,0,24.1,0,0,0,10,Clear,clear-night,
"Mexico City,Mexico",2024-02-12T07:00:00,13.7,13.7,-0.4,37.91,0,0,,0,0,8.3,5.8,227.3,1014,0,24.1,0,0,0,10,Clear,clear-night,
"Mexico City,Mexico",2024-02-12T08:00:00,14.1,14.1,-0.3,37.21,0,0,,0,0,4.7,3.2,214.5,1015,0,24.1,50,0.2,1,10,Clear,clear-day,
"Mexico City,Mexico",2024-02-12T09:00:00,15.6,15.6,-0.4,33.54,0,0,,0,0,7.6,4.3,172.8,1015,0,24.1,281,1,3,10,Clear,clear-day,
"Mexico City,Mexico",2024-02-12T10:00:00,17.6,17.6,-1.2,27.86,0,0,,0,0,20.2,6.5,186.4,1014,0,24.1,523,1.9,5,10,Clear,clear-day,
"Mexico City,Mexico",2024-02-12T11:00:00,19.9,19.9,-2.7,21.6,0,0,,0,0,28.1,13,208.3,1013,0,24.1,726,2.6,7,10,Clear,clear-day,
"Mexico City,Mexico",2024-02-12T12:00:00,21.5,21.5,-3.6,18.3,0,0,,0,0,32.4,18.4,222,1011,3.9,24.1,868,3.1,9,10,Clear,clear-day,
"Mexico City,Mexico",2024-02-12T13:00:00,22.3,22.3,-3.6,17.43,0,0,,0,0,37.1,21.6,223.2,1010,89.8,24.1,934,3.4,9,10,Partially cloudy,partly-cloudy-day,
"Mexico City,Mexico",2024-02-12T14:00:00,22.7,22.7,-3.7,16.89,0,0,,0,0,36.4,22.7,227.9,1009,53.3,24.1,885,3.2,9,10,Partially cloudy,partly-cloudy-day,
"Mexico City,Mexico",2024-02-12T15:00:00,22.7,22.7,-3.8,16.76,0,0,,0,0,38.5,23.4,229,1008,85,24.1,812,2.9,8,10,Partially cloudy,partly-cloudy-day,
"Mexico City,Mexico",2024-02-12T16:00:00,22.1,22.1,-3.6,17.64,0,0,,0,0,35.3,23.8,240.4,1008,87.4,24.1,636,2.3,6,10,Partially cloudy,partly-cloudy-day,
"Mexico City,Mexico",2024-02-12T17:00:00,21,21,-3.5,19.01,0,0,,0,0,32,23.8,248.6,1009,28.4,24.1,395,1.4,4,10,Partially cloudy,partly-cloudy-day,
"Mexico City,Mexico",2024-02-12T18:00:00,19.5,19.5,-2.7,22.14,0,0,,0,0,27.7,24.8,264,1011,94.4,24.1,201,0.7,2,10,Overcast,cloudy,
"Mexico City,Mexico",2024-02-12T19:00:00,18.2,18.2,-2.2,24.92,0,0,,0,0,24.8,18,252.6,1012,36.7,24.1,16,0.1,0,10,Partially cloudy,partly-cloudy-night,
"Mexico City,Mexico",2024-02-12T20:00:00,17.6,17.6,-2.1,26.07,0,0,,0,0,30.6,16.6,249.5,1014,4.9,24.1,0,0,0,10,Clear,clear-night,
"Mexico City,Mexico",2024-02-12T21:00:00,17,17,-1.9,27.48,0,0,,0,0,27.4,12.6,230.7,1015,3,24.1,0,0,0,10,Clear,clear-night,
"Mexico City,Mexico",2024-02-12T22:00:00,16.5,16.5,-1.7,28.79,0,0,,0,0,26.6,11.2,236.8,1015,4.4,24.1,0,0,0,10,Clear,clear-night,
"Mexico City,Mexico",2024-02-12T23:00:00,16,16,-1.6,29.94,0,0,,0,0,24.8,11.5,228,1015,3.8,24.1,0,0,0,10,Clear,clear-night,
"Mexico City,Mexico",2024-02-13T00:00:00,15.6,15.6,-1.7,30.49,0,0,,0,0,20.5,10.1,228.3,1015,97.8,24.1,0,0,0,10,Overcast,cloudy,
"Mexico City,Mexico",2024-02-13T01:00:00,15.3,15.3,-1.7,31.08,0,0,,0,0,9,6.1,244,1015,30.7,24.1,0,0,0,10,Partially cloudy,partly-cloudy-night,
"Mexico City,Mexico",2024-02-13T02:00:00,14.6,14.6,-1.5,33,0,0,,0,0,4.7,3.6,290.9,1015,4.6,24.1,0,0,0,10,Clear,clear-night,
"Mexico City,Mexico",2024-02-13T03:00:00,13.8,13.8,-1.2,35.53,0,0,,0,0,3.2,2.5,302.6,1015,38.1,24.1,0,0,0,10,Partially cloudy,partly-cloudy-night,
"Mexico City,Mexico",2024-02-13T04:00:00,13.4,13.4,-1,37,0,0,,0,0,1.8,0.7,175.8,1016,32,24.1,0,0,0,10,Partially cloudy,partly-cloudy-night,
"Mexico City,Mexico",2024-02-13T05:00:00,13.1,13.1,-0.9,38.01,0,0,,0,0,4.3,2.9,168.3,1016,0,24.1,0,0,0,10,Clear,clear-night,
"Mexico City,Mexico",2024-02-13T06:00:00,13,13,-0.7,38.82,0,0,,0,0,6.1,4,131.2,1016,31,24.1,0,0,0,10,Partially cloudy,partly-cloudy-night,
"Mexico City,Mexico",2024-02-13T07:00:00,12.7,12.7,-0.6,39.88,0,0,,0,0,3.2,2.2,48.3,1017,78.7,24.1,0,0,0,10,Partially cloudy,partly-cloudy-night,
"Mexico City,Mexico",2024-02-13T08:00:00,13,13,-0.5,39.39,0,0,,0,0,1.4,2.2,20.6,1018,18.8,24.1,47,0.2,0,10,Clear,clear-day,
"Mexico City,Mexico",2024-02-13T09:00:00,14.1,14.1,-0.5,36.67,0,0,,0,0,1.1,3.6,51.1,1019,67.4,24.1,281,1,3,10,Partially cloudy,partly-cloudy-day,
"Mexico City,Mexico",2024-02-13T10:00:00,15.5,15.5,-1.1,32.07,0,0,,0,0,5.4,7.2,37.7,1019,5,24.1,514,1.9,5,10,Clear,clear-day,
"Mexico City,Mexico",2024-02-13T11:00:00,17.1,17.1,-1.9,27.31,0,0,,0,0,8.3,7.6,63.5,1018,4.6,24.1,727,2.6,7,10,Clear,clear-day,
"Mexico City,Mexico",2024-02-13T12:00:00,18.6,18.6,-3,22.9,0,0,,0,0,15.8,10.1,74.1,1016,1.9,24.1,868,3.1,9,10,Clear,clear-day,
"Mexico City,Mexico",2024-02-13T13:00:00,20.2,20.2,-3.8,19.53,0,0,,0,0,20.2,10.1,70,1013,5,24.1,935,3.4,9,10,Clear,clear-day,
"Mexico City,Mexico",2024-02-13T14:00:00,21.6,21.6,-4,17.65,0,0,,0,0,20.5,8.3,71.5,1011,78.8,24.1,924,3.3,9,10,Partially cloudy,partly-cloudy-day,
"Mexico City,Mexico",2024-02-13T15:00:00,22.3,22.3,-3.9,17.04,0,0,,0,0,18.4,6.8,82.8,1010,99.6,24.1,758,2.7,8,10,Overcast,cloudy,
"Mexico City,Mexico",2024-02-13T16:00:00,21.9,21.9,-3.2,18.4,0,0,,0,0,13.3,7.2,121.2,1009,99.7,24.1,452,1.6,5,10,Overcast,cloudy,
"Mexico City,Mexico",2024-02-13T17:00:00,21.3,21.3,-2.3,20.41,0,0,,0,0,9,6.1,175,1010,99.1,24.1,228,0.8,2,10,Overcast,cloudy,
"Mexico City,Mexico",2024-02-13T18:00:00,20.8,20.8,-1.9,21.68,0,0,,0,0,9.4,9,226.6,1010,92.2,24.1,118,0.4,1,10,Overcast,cloudy,
"Mexico City,Mexico",2024-02-13T19:00:00,19.8,19.8,-1.7,23.4,0,0,,0,0,10.1,11.9,236.4,1012,72.7,24.1,13,0,0,10,Partially cloudy,partly-cloudy-night,
"Mexico City,Mexico",2024-02-13T20:00:00,18.8,18.8,-1,26.22,0,0,,0,0,12.2,10.8,250.2,1013,65.2,24.1,0,0,0,10,Partially cloudy,partly-cloudy-night,
"Mexico City,Mexico",2024-02-13T21:00:00,18.1,18.1,-0.6,28.2,0,0,,0,0,11.2,9.7,248.6,1014,98.2,24.1,0,0,0,10,Overcast,cloudy,
"Mexico City,Mexico",2024-02-13T22:00:00,17.4,17.4,-0.2,30.35,0,0,,0,0,9.7,7.6,247.8,1015,99.6,24.1,0,0,0,10,Overcast,cloudy,
"Mexico City,Mexico",2024-02-13T23:00:00,17,17,-0.1,31.35,0,0,,0,0,6.1,5,265.4,1015,99.4,24.1,0,0,0,10,Overcast,cloudy,
"Mexico City,Mexico",2024-02-14T00:00:00,16.5,16.5,0,32.6,0,0,,0,0,6.5,6.1,311,1016,81.5,24.1,0,0,0,10,Partially cloudy,partly-cloudy-night,
"Mexico City,Mexico",2024-02-14T01:00:00,15.9,15.9,0.1,34.12,0,0,,0,0,5,4.3,294.3,1016,79.4,24.1,0,0,0,10,Partially cloudy,partly-cloudy-night,
"Mexico City,Mexico",2024-02-14T02:00:00,15.4,15.4,0.1,35.23,0,0,,0,0,3.2,3.2,297.3,1016,10.8,24.1,0,0,0,10,Clear,clear-night,
"Mexico City,Mexico",2024-02-14T03:00:00,15,15,0.2,36.41,0,0,,0,0,3.6,3.2,316.4,1016,44.5,24.1,0,0,0,10,Partially cloudy,partly-cloudy-night,
"Mexico City,Mexico",2024-02-14T04:00:00,14.6,14.6,0.5,38.18,0,0,,0,0,3.6,2.9,345.4,1016,100,24.1,0,0,0,10,Overcast,cloudy,
"Mexico City,Mexico",2024-02-14T05:00:00,14.3,14.3,0.5,38.92,0,0,,0,0,3.6,3.2,358.6,1016,100,24.1,0,0,0,10,Overcast,cloudy,
"Mexico City,Mexico",2024-02-14T06:00:00,14.1,14.1,0.6,39.72,0,0,,0,0,5.4,3.6,43.9,1017,100,24.1,0,0,0,10,Overcast,cloudy,
"Mexico City,Mexico",2024-02-14T07:00:00,14,14,1.2,41.74,0,0,,0,0,5.8,5.4,29.3,1018,100,24.1,0,0,0,10,Overcast,cloudy,
"Mexico City,Mexico",2024-02-14T08:00:00,14,14,2,44.2,0,0,,0,0,8.3,6.5,8.4,1018,100,24.1,32,0.1,0,10,Overcast,cloudy,
"Mexico City,Mexico",2024-02-14T09:00:00,14.2,14.2,2.2,44.26,0,0,,0,0,8.3,5.8,23,1019,80,24.1,86,0.3,1,10,Partially cloudy,partly-cloudy-day,
"Mexico City,Mexico",2024-02-14T10:00:00,15.5,15.5,2.7,42.17,0,0,,0,0,6.8,7.9,35.1,1019,100,24.1,476,1.7,5,10,Overcast,cloudy,
"Mexico City,Mexico",2024-02-14T11:00:00,16.6,16.6,2.7,39.31,0,0,,0,0,6.5,9.4,35.9,1019,96.5,24.1,649,2.3,6,10,Overcast,cloudy,
"Mexico City,Mexico",2024-02-14T12:00:00,17.7,17.7,2.4,35.9,0,0,,0,0,12.2,10.4,61.2,1017,96.2,24.1,806,2.9,8,10,Overcast,cloudy,
"Mexico City,Mexico",2024-02-14T13:00:00,18.6,18.6,2.1,33.21,0,3.2,,0,0,14.8,13.7,65.1,1015,89.8,24.1,767,2.8,8,10,Partially cloudy,partly-cloudy-day,
"Mexico City,Mexico",2024-02-14T14:00:00,19.7,19.7,1.9,30.57,0,3.2,,0,0,18.4,15.5,68.2,1013,46,24.1,848,3.1,8,10,Partially cloudy,partly-cloudy-day,
"Mexico City,Mexico",2024-02-14T15:00:00,20.6,20.6,1.6,28.3,0,3.2,,0,0,20.2,14,73.1,1011,97.4,24.1,816,2.9,8,10,Overcast,cloudy,
"Mexico City,Mexico",2024-02-14T16:00:00,21,21,1,26.45,0,3.2,,0,0,15.1,10.1,64.2,1010,82.8,24.1,468,1.7,5,10,Partially cloudy,partly-cloudy-day,
"Mexico City,Mexico",2024-02-14T17:00:00,20.9,20.9,0.9,26.42,0,3.2,,0,0,11.5,8.3,12.4,1010,99.5,24.1,251,0.9,3,10,Overcast,cloudy,
"Mexico City,Mexico",2024-02-14T18:00:00,19.4,19.4,2.2,31.82,0.1,3.2,rain,0,0,10.1,18,342.8,1012,100,24.1,49,0.2,0,10,Overcast,cloudy,
"Mexico City,Mexico",2024-02-14T19:00:00,17.8,17.8,3.3,38.02,0,6.5,,0,0,13.7,18.4,4.2,1014,100,24.1,4,0,0,10,Overcast,cloudy,
"Mexico City,Mexico",2024-02-14T20:00:00,15.9,15.9,4.7,47.32,0,6.5,,0,0,13.3,18.7,15.6,1016,95.2,24.1,0,0,0,10,Overcast,cloudy,
"Mexico City,Mexico",2024-02-14T21:00:00,15.6,15.6,4.4,47.24,0,6.5,,0,0,9.4,11.5,357.7,1017,98.8,24.1,0,0,0,10,Overcast,cloudy,
"Mexico City,Mexico",2024-02-14T22:00:00,15.5,15.5,4.3,47.21,0,6.5,,0,0,7.9,10.4,340.6,1017,99.5,24.1,0,0,0,10,Overcast,cloudy,
"Mexico City,Mexico",2024-02-14T23:00:00,15.2,15.2,4.4,48.47,0,6.5,,0,0,6.8,7.6,357.1,1017,5.2,24.1,0,0,0,10,Clear,clear-night,
"Mexico City,Mexico",2024-02-15T00:00:00,14.7,14.7,4.8,51.47,0,6.5,,0,0,8.3,8.3,358.5,1018,100,24.1,0,0,0,10,Overcast,cloudy,
"Mexico City,Mexico",2024-02-15T01:00:00,14.1,14.1,5.2,55.02,0,9.7,,0,0,9,9,350.2,1018,71.5,24.1,0,0,0,10,Partially cloudy,partly-cloudy-night,
"Mexico City,Mexico",2024-02-15T02:00:00,13.6,13.6,5.5,58.03,0,9.7,,0,0,8.6,8.6,11.2,1017,100,24.1,0,0,0,10,Overcast,cloudy,
"Mexico City,Mexico",2024-02-15T03:00:00,13.3,13.3,5.7,60,0,9.7,,0,0,5.4,6.1,8.4,1017,86.5,24.1,0,0,0,10,Partially cloudy,partly-cloudy-night,
"Mexico City,Mexico",2024-02-15T04:00:00,13.1,13.1,5.8,61.21,0,9.7,,0,0,4.3,5.4,9.4,1017,100,24.1,0,0,0,10,Overcast,cloudy,
"Mexico City,Mexico",2024-02-15T05:00:00,13,13,5.9,62.04,0,9.7,,0,0,4.3,4.7,31.3,1017,90,24.1,0,0,0,10,Partially cloudy,partly-cloudy-night,
"Mexico City,Mexico",2024-02-15T06:00:00,12.9,12.9,6,62.88,0,9.7,,0,0,5,5,66.6,1018,99.2,24.1,0,0,0,10,Overcast,cloudy,
"Mexico City,Mexico",2024-02-15T07:00:00,12.7,12.7,6.1,64.15,0,16.1,,0,0,5,4.7,64.4,1019,100,24.1,0,0,0,10,Overcast,cloudy,
"Mexico City,Mexico",2024-02-15T08:00:00,12.9,12.9,6.3,64.2,0,16.1,,0,0,6.8,5.8,82.5,1019,100,24.1,40,0.1,0,10,Overcast,cloudy,
"Mexico City,Mexico",2024-02-15T09:00:00,13.8,13.8,6.2,60.12,0,16.1,,0,0,5.8,4.3,88.9,1019,74.8,24.1,222,0.8,2,10,Partially cloudy,partly-cloudy-day,
"Mexico City,Mexico",2024-02-15T10:00:00,15.2,15.2,5.7,53.06,0,16.1,,0,0,13,7.9,100.3,1018,91.8,24.1,473,1.7,5,10,Overcast,cloudy,
"Mexico City,Mexico",2024-02-15T11:00:00,17,17,4.5,43.51,0,16.1,,0,0,15.1,10.1,98.7,1017,100,24.1,650,2.3,7,10,Overcast,cloudy,
"Mexico City,Mexico",2024-02-15T12:00:00,18.8,18.8,3.1,35.21,0,16.1,,0,0,21.6,11.2,88.8,1015,100,24.1,801,2.9,8,10,Overcast,cloudy,
"Mexico City,Mexico",2024-02-15T13:00:00,19.9,19.9,1.6,29.55,0,25.8,,0,0,23.4,14.4,119.3,1013,100,24.1,800,2.9,8,10,Overcast,cloudy,
"Mexico City,Mexico",2024-02-15T14:00:00,20.9,20.9,0,24.75,0,25.8,,0,0,24.8,17.6,149.7,1012,100,24.1,800,2.9,8,10,Overcast,cloudy,
"Mexico City,Mexico",2024-02-15T15:00:00,22,22,-1.5,20.74,0,25.8,,0,0,26.6,20.9,180.2,1010,100,24.1,799,2.9,8,10,Overcast,cloudy,
"Mexico City,Mexico",2024-02-15T16:00:00,21.1,21.1,-0.7,23.24,0,25.8,,0,0,27,19.4,185.1,1010,100,24.1,623,2.2,6,10,Overcast,cloudy,
"Mexico City,Mexico",2024-02-15T17:00:00,20.1,20.1,0,26.01,0,25.8,,0,0,27,18.4,189.9,1011,100,24.1,447,1.6,4,10,Overcast,cloudy,
"Mexico City,Mexico",2024-02-15T18:00:00,19.2,19.2,0.8,29.14,0.7,25.8,rain,0,0,27.4,16.9,194.8,1011,100,24.1,271,1,3,10,Overcast,cloudy,
"Mexico City,Mexico",2024-02-15T19:00:00,18.5,18.5,1.6,32.24,0,48.4,rain,0,0,24.5,14.4,200.4,1012,100,24.1,182,0.7,0,10,"Rain, Overcast",rain,
"Mexico City,Mexico",2024-02-15T20:00:00,17.9,17.9,2.3,35.2,0,48.4,rain,0,0,21.6,11.9,206,1013,100,24.1,93,0.3,0,10,"Rain, Overcast",rain,
"Mexico City,Mexico",2024-02-15T21:00:00,17.2,17.2,3.1,38.93,0,48.4,rain,0,0,18.7,9.4,211.6,1014,100,24.1,4,0,0,10,"Rain, Overcast",rain,
"Mexico City,Mexico",2024-02-15T22:00:00,16.8,16.8,3.5,41.08,0,48.4,rain,0,0,16.9,7.9,205.5,1014,98.9,24.1,3,0,0,10,"Rain, Overcast",rain,
"Mexico City,Mexico",2024-02-15T23:00:00,16.5,16.5,3.8,42.76,0,48.4,rain,0,0,15.5,6.8,199.4,1014,97.8,24.1,1,0,0,10,"Rain, Overcast",rain,
"Mexico City,Mexico",2024-02-16T00:00:00,16.1,16.1,4.2,45.12,0,48.4,rain,0,0,13.7,5.4,193.3,1014,96.7,24.1,0,0,0,10,"Rain, Overcast",rain,
"Mexico City,Mexico",2024-02-16T01:00:00,15.4,15.4,4.6,48.52,0,71,rain,0,0,11.2,4.3,163.6,1014,70.9,24.1,0,0,0,10,"Rain, Partially cloudy",rain,
"Mexico City,Mexico",2024-02-16T02:00:00,14.7,14.7,4.9,51.83,0,71,rain,0,0,9,3.6,134,1013,45,24.1,0,0,0,10,"Rain, Partially cloudy",rain,
"Mexico City,Mexico",2024-02-16T03:00:00,14,14,5.3,55.76,0,71,rain,0,0,6.5,2.5,104.3,1013,19.2,24.1,0,0,0,10,Rain,rain,
"Mexico City,Mexico",2024-02-16T04:00:00,13.7,13.7,5.3,56.86,0,71,rain,0,0,8.6,2.9,128.4,1013,14.5,24.1,0,0,0,10,Rain,rain,
"Mexico City,Mexico",2024-02-16T05:00:00,13.3,13.3,5.2,57.96,0,71,rain,0,0,11.2,3.6,152.6,1014,9.7,24.1,0,0,0,10,Rain,rain,
"Mexico City,Mexico",2024-02-16T06:00:00,13,13,5.2,59.1,10.2,71,rain,0,0,13.3,4,176.7,1014,5,24.1,0,0,0,10,Rain,rain,
"Mexico City,Mexico",2024-02-16T07:00:00,13.4,13.4,5,56.78,0,87.1,rain,0,0,16.2,5.4,178,1014,36.7,24.1,30,0.1,0,10,"Rain, Partially cloudy",rain,
"Mexico City,Mexico",2024-02-16T08:00:00,13.9,13.9,4.8,54.21,0,87.1,rain,0,0,18.7,6.8,179.3,1015,68.3,24.1,61,0.2,1,10,"Rain, Partially cloudy",rain,
"Mexico City,Mexico",2024-02-16T09:00:00,14.3,14.3,4.6,52.09,0,87.1,rain,0,0,21.6,8.3,180.6,1015,100,24.1,91,0.3,1,10,"Rain, Overcast",rain,
"Mexico City,Mexico",2024-02-16T10:00:00,15.9,15.9,4.1,45.38,0,87.1,rain,0,0,24.5,10.8,183.1,1014,99.9,24.1,269,1,3,10,"Rain, Overcast",rain,
"Mexico City,Mexico",2024-02-16T11:00:00,17.6,17.6,3.5,39.05,0,87.1,rain,0,0,27.7,13.3,185.5,1013,99.8,24.1,448,1.6,4,10,"Rain, Overcast",rain,
"Mexico City,Mexico",2024-02-16T12:00:00,19.2,19.2,3,34.1,4.7,87.1,rain,0,0,30.6,15.8,188,1012,99.7,24.1,626,2.3,6,10,"Rain, Overcast",rain,
"Mexico City,Mexico",2024-02-16T13:00:00,18.6,18.6,4.1,38.25,0,83.9,rain,0,0,30.2,16.2,195.3,1011,99.8,24.1,612,2.2,6,10,"Rain, Overcast",rain,
"Mexico City,Mexico",2024-02-16T14:00:00,18.1,18.1,5.2,42.62,0,83.9,rain,0,0,30.2,16.2,202.7,1011,99.9,24.1,599,2.2,6,10,"Rain, Overcast",rain,
"Mexico City,Mexico",2024-02-16T15:00:00,17.5,17.5,6.3,47.77,0,83.9,rain,0,0,29.9,16.6,210,1010,100,24.1,585,2.1,6,10,"Rain, Overcast",rain,
"Mexico City,Mexico",2024-02-16T16:00:00,16.6,16.6,6.7,51.98,0,83.9,rain,0,0,24.1,13.7,215.5,1011,100,22.8,404,1.5,4,10,"Rain, Overcast",rain,
"Mexico City,Mexico",2024-02-16T17:00:00,15.6,15.6,7,56.56,0,83.9,rain,0,0,18,11.2,221,1011,100,21.5,223,0.8,2,10,"Rain, Overcast",rain,
"Mexico City,Mexico",2024-02-16T18:00:00,14.7,14.7,7.4,61.59,0,83.9,rain,0,0,12.2,8.3,226.5,1012,100,20.2,42,0.2,0,10,"Rain, Overcast",rain,
"Mexico City,Mexico",2024-02-16T19:00:00,13.3,13.3,6.6,63.85,0,41.9,,0,0,20.9,11.5,235.4,1014,100,16.2,28,0.1,0,10,Overcast,cloudy,
"Mexico City,Mexico",2024-02-16T20:00:00,12,12,5.8,65.79,0,41.9,,0,0,29.2,14.4,244.3,1015,100,12.3,14,0.1,0,10,Overcast,cloudy,
"Mexico City,Mexico",2024-02-16T21:00:00,10.6,10.6,5,68.29,0,41.9,,0,0,37.8,17.6,253.2,1017,100,8.3,0,0,0,10,Overcast,cloudy,
"Mexico City,Mexico",2024-02-16T22:00:00,10.7,10.7,4.8,66.9,0,41.9,,0,0,39.6,18,242.9,1017,100,13.5,0,0,0,10,Overcast,cloudy,
"Mexico City,Mexico",2024-02-16T23:00:00,10.8,10.8,4.7,65.99,0,41.9,,0,0,41.4,18.4,232.7,1017,100,18.6,0,0,0,10,Overcast,cloudy,
"Mexico City,Mexico",2024-02-17T00:00:00,10.9,10.9,4.5,64.64,0.1,41.9,rain,0,0,43.2,18.7,222.4,1017,100,23.8,0,0,0,10,Overcast,cloudy,
"Mexico City,Mexico",2024-02-17T01:00:00,10.6,10.6,4.4,65.49,0,6.5,,0,0,46.1,18.7,216,1017,100,23.8,0,0,0,10,Overcast,cloudy,
"Mexico City,Mexico",2024-02-17T02:00:00,10.2,10.2,4.2,66.32,0,6.5,,0,0,49,18.7,209.5,1016,100,23.9,0,0,0,10,Overcast,cloudy,
"Mexico City,Mexico",2024-02-17T03:00:00,9.9,7.3,4.1,67.19,0,6.5,,0,0,51.8,18.7,203.1,1016,100,23.9,0,0,0,10,Overcast,cloudy,
"Mexico City,Mexico",2024-02-17T04:00:00,10.1,10.1,4.2,66.77,0,6.5,,0,0,45.7,16.6,192.4,1015,100,24,0,0,0,10,Overcast,cloudy,
"Mexico City,Mexico",2024-02-17T05:00:00,10.2,10.2,4.4,67.26,0,6.5,,0,0,39.2,14.8,181.6,1015,100,24,0,0,0,10,Overcast,cloudy,
"Mexico City,Mexico",2024-02-17T06:00:00,10.4,10.4,4.5,66.83,0.3,6.5,rain,0,0,33.1,12.6,170.9,1014,100,24.1,0,0,0,10,Overcast,cloudy,
"Mexico City,Mexico",2024-02-17T07:00:00,11,11,3.5,59.86,0,3.2,,0,0,31.7,11.2,181,1014,100,24.1,27,0.1,0,10,Overcast,cloudy,
"Mexico City,Mexico",2024-02-17T08:00:00,11.6,11.6,2.4,53.22,0,3.2,,0,0,29.9,10.1,191,1015,100,24.1,55,0.2,1,10,Overcast,cloudy,
"Mexico City,Mexico",2024-02-17T09:00:00,12.2,12.2,1.4,47.63,0,3.2,,0,0,28.4,8.6,201.1,1015,100,24.1,82,0.3,1,10,Overcast,cloudy,
"Mexico City,Mexico",2024-02-17T10:00:00,13.7,13.7,0,39.03,0,3.2,,0,0,33.5,11.2,209.3,1014,66.7,24.1,281,1,3,10,Partially cloudy,partly-cloudy-day,
"Mexico City,Mexico",2024-02-17T11:00:00,15.3,15.3,-1.5,31.55,0,3.2,,0,0,38.5,14,217.5,1013,33.3,24.1,480,1.7,5,10,Partially cloudy,partly-cloudy-day,
"Mexico City,Mexico",2024-02-17T12:00:00,16.8,16.8,-2.9,25.85,0,3.2,,0,0,43.6,16.6,225.7,1012,0,24.1,679,2.4,7,10,Clear,clear-day,
"Mexico City,Mexico",2024-02-17T13:00:00,17.4,17.4,-4.6,21.91,0,0,,0,0,43.6,18.4,230.8,1011,0,24.1,763,2.7,8,10,Clear,clear-day,
"Mexico City,Mexico",2024-02-17T14:00:00,18,18,-6.2,18.69,0,0,,0,0,43.6,20.5,236,1010,0,24.1,847,3,8,10,Clear,clear-day,
"Mexico City,Mexico",2024-02-17T15:00:00,18.6,18.6,-7.9,15.79,0,0,,0,0,43.6,22.3,241.1,1009,0,24.1,931,3.4,9,10,Clear,clear-day,
"Mexico City,Mexico",2024-02-17T16:00:00,17.8,17.8,-7.5,17.12,0,0,,0,0,38.5,20.2,242.4,1010,0,24.1,780,2.8,8,10,Clear,clear-day,
"Mexico City,Mexico",2024-02-17T17:00:00,17,17,-7.2,18.43,0,0,,0,0,33.8,18.4,243.8,1010,0,24.1,628,2.3,6,10,Clear,clear-day,
"Mexico City,Mexico",2024-02-17T18:00:00,16.2,16.2,-6.8,20,0,0,,0,0,28.8,16.2,245.1,1011,0,24.1,477,1.7,5,10,Clear,clear-day,
"Mexico City,Mexico",2024-02-17T19:00:00,15.2,15.2,-6.1,22.5,0,3.2,,0,0,23,14,244.6,1012,0,24.1,321,1.2,0,10,Clear,clear-night,
"Mexico City,Mexico",2024-02-17T20:00:00,14.2,14.2,-5.5,25.12,0,3.2,,0,0,17.6,12.2,244,1014,0,24.1,164,0.6,0,10,Clear,clear-night,
"Mexico City,Mexico",2024-02-17T21:00:00,13.2,13.2,-4.8,28.26,0,3.2,,0,0,11.9,10.1,243.5,1015,0,24.1,8,0,0,10,Clear,clear-night,
"Mexico City,Mexico",2024-02-17T22:00:00,12.9,12.9,-5.1,28.18,0,3.2,,0,0,10.8,9.4,238,1015,0,24.1,5,0,0,10,Clear,clear-night,
"Mexico City,Mexico",2024-02-17T23:00:00,12.5,12.5,-5.4,28.28,0,3.2,,0,0,9.4,8.6,232.5,1016,0,24.1,3,0,0,10,Clear,clear-night,
"Mexico City,Mexico",2024-02-18T00:00:00,12.2,12.2,-5.7,28.19,3.3,3.2,rain,0,0,8.3,7.9,227,1016,0,24.1,0,0,0,10,Clear,clear-night,
"Mexico City,Mexico",2024-02-18T01:00:00,11.9,11.9,-6.2,27.68,0,0,,0,0,6.1,6.5,234.6,1016,0,24.1,0,0,0,10,Clear,clear-night,
"Mexico City,Mexico",2024-02-18T02:00:00,11.6,11.6,-6.7,27.17,0,0,,0,0,4,5,242.2,1016,0,24.1,0,0,0,10,Clear,clear-night,
"Mexico City,Mexico",2024-02-18T03:00:00,11.3,11.3,-7.2,26.67,0,0,,0,0,1.8,3.6,249.8,1016,0,24.1,0,0,0,10,Clear,clear-night,
"Mexico City,Mexico",2024-02-18T04:00:00,11,11,-6.7,28.27,0,0,,0,0,3.2,3.2,169.1,1017,0,24.1,0,0,0,10,Clear,clear-night,
"Mexico City,Mexico",2024-02-18T05:00:00,10.8,10.8,-6.2,29.77,0,0,,0,0,4.3,2.5,88.4,1017,0,24.1,0,0,0,10,Clear,clear-night,
"Mexico City,Mexico",2024-02-18T06:00:00,10.5,10.5,-5.7,31.55,0,0,,0,0,5.8,2.2,7.7,1018,0,24.1,0,0,0,10,Clear,clear-night,
"Mexico City,Mexico",2024-02-18T07:00:00,10.7,10.7,-4.6,33.83,0,0,,0,0,5.8,3.2,25.9,1019,0,24.1,41,0.1,0,10,Clear,clear-night,
"Mexico City,Mexico",2024-02-18T08:00:00,11,11,-3.4,36.29,0,0,,0,0,6.1,4.7,44,1019,0,24.1,83,0.3,1,10,Clear,clear-day,
"Mexico City,Mexico",2024-02-18T09:00:00,11.2,11.2,-2.3,38.86,0,0,,0,0,6.1,5.8,62.2,1020,0,24.1,124,0.4,1,10,Clear,clear-day,
"Mexico City,Mexico",2024-02-18T10:00:00,12.7,12.7,-2.8,33.92,0,0,,0,0,7.9,6.8,62.9,1019,0,24.1,331,1.2,3,10,Clear,clear-day,
"Mexico City,Mexico",2024-02-18T11:00:00,14.1,14.1,-3.2,30.06,0,0,,0,0,9.7,8.3,63.7,1019,0,24.1,539,1.9,5,10,Clear,clear-day,
"Mexico City,Mexico",2024-02-18T12:00:00,15.6,15.6,-3.7,26.29,0,0,,0,0,11.5,9.4,64.4,1018,0,24.1,746,2.7,7,10,Clear,clear-day,
"Mexico City,Mexico",2024-02-18T13:00:00,17,17,-5.1,21.64,0,0,,0,0,14.4,10.4,65.1,1016,0,24.1,811,2.9,8,10,Clear,clear-day,
"Mexico City,Mexico",2024-02-18T14:00:00,18.3,18.3,-6.6,17.78,0,0,,0,0,16.9,11.2,65.8,1014,0,24.1,876,3.2,9,10,Clear,clear-day,
"Mexico City,Mexico",2024-02-18T15:00:00,19.7,19.7,-8,14.63,0,0,,0,0,19.8,12.2,66.5,1012,0,24.1,941,3.4,9,10,Clear,clear-day,
"Mexico City,Mexico",2024-02-18T16:00:00,19.5,19.5,-7.5,15.4,0,0,,0,0,16.2,11.9,59.8,1012,0,24.1,787,2.8,8,10,Clear,clear-day,
"Mexico City,Mexico",2024-02-18T17:00:00,19.2,19.2,-6.9,16.43,0,0,,0,0,13,11.9,53.2,1012,0,24.1,632,2.3,6,10,Clear,clear-day,
"Mexico City,Mexico",2024-02-18T18:00:00,19,19,-6.4,17.28,0,0,,0,0,9.4,11.5,46.5,1012,0,24.1,478,1.7,5,10,Clear,clear-day,
"Mexico City,Mexico",2024-02-18T19:00:00,17.9,17.9,-5.7,19.53,0,0,,0,0,11.2,11.5,147.8,1014,0,24.1,321,1.2,0,10,Clear,clear-night,
"Mexico City,Mexico",2024-02-18T20:00:00,16.7,16.7,-5.1,22.06,0,0,,0,0,12.6,11.9,249.2,1015,0,24.1,165,0.6,0,10,Clear,clear-night,
"Mexico City,Mexico",2024-02-18T21:00:00,15.6,15.6,-4.4,24.94,0,0,,0,0,14.4,11.9,350.5,1017,0,24.1,8,0,0,10,Clear,clear-night,
"Mexico City,Mexico",2024-02-18T22:00:00,14.8,14.8,-2.5,30.26,0,0,,0,0,11.2,9.7,236.8,1017,0,24.1,5,0,0,10,Clear,clear-night,
"Mexico City,Mexico",2024-02-18T23:00:00,14.1,14.1,-0.6,36.4,0,0,,0,0,7.6,7.9,123.1,1018,0,24.1,3,0,0,10,Clear,clear-night,
"Mexico City,Mexico",2024-02-19T00:00:00,13.3,13.3,1.3,44,0,0,,0,0,4.3,5.8,9.4,1018,0,24.1,0,0,0,10,Clear,clear-night,
"Mexico City,Mexico",2024-02-19T01:00:00,12.9,12.9,1.9,47.15,0,0,,0,0,3.6,5,22.3,1018,0,24.1,0,0,0,10,Clear,clear-night,
"Mexico City,Mexico",2024-02-19T02:00:00,12.5,12.5,2.4,50.15,0,0,,0,0,3.2,4.7,35.1,1017,0,24.1,0,0,0,10,Clear,clear-night,
"Mexico City,Mexico",2024-02-19T03:00:00,12.1,12.1,3,53.73,0,0,,0,0,2.5,4,48,1017,0,24.1,0,0,0,10,Clear,clear-night,
"Mexico City,Mexico",2024-02-19T04:00:00,11.8,11.8,3.2,55.58,0,0,,0,0,2.9,3.6,62.1,1017,0,24.1,0,0,0,10,Clear,clear-night,
"Mexico City,Mexico",2024-02-19T05:00:00,11.4,11.4,3.5,58.29,0,0,,0,0,3.2,3.2,76.1,1018,0,24.1,0,0,0,10,Clear,clear-night,
"Mexico City,Mexico",2024-02-19T06:00:00,11.1,11.1,3.7,60.31,0.3,0,rain,0,0,3.6,2.9,90.2,1018,0,24.1,0,0,0,10,Clear,clear-night,
"Mexico City,Mexico",2024-02-19T07:00:00,11.6,11.6,3.4,57.12,0,0,,0,0,4.3,3.6,103,1018,0,24.1,42,0.2,0,10,Clear,clear-night,
"Mexico City,Mexico",2024-02-19T08:00:00,12.2,12.2,3.2,54.14,0,0,,0,0,5.4,4,115.7,1019,0,24.1,83,0.3,1,10,Clear,clear-day,
"Mexico City,Mexico",2024-02-19T09:00:00,12.7,12.7,2.9,51.29,0,0,,0,0,6.1,4.7,128.5,1019,0,24.1,125,0.5,1,10,Clear,clear-day,
"Mexico City,Mexico",2024-02-19T10:00:00,14.7,14.7,1.2,39.89,0,0,,0,0,6.8,5.8,116.3,1018,0,24.1,334,1.2,3,10,Clear,clear-day,
"Mexico City,Mexico",2024-02-19T11:00:00,16.8,16.8,-0.5,30.84,0,0,,0,0,7.9,6.5,104,1017,0,24.1,543,2,5,10,Clear,clear-day,
"Mexico City,Mexico",2024-02-19T12:00:00,18.8,18.8,-2.2,24,0,0,,0,0,8.6,7.6,91.8,1016,0,24.1,752,2.7,8,10,Clear,clear-day,
"Mexico City,Mexico",2024-02-19T13:00:00,20.2,20.2,-3.3,20.28,0,0,,0,0,9.7,8.3,85.9,1014,0,24.1,817,2.9,8,10,Clear,clear-day,
"Mexico City,Mexico",2024-02-19T14:00:00,21.7,21.7,-4.5,16.9,0,0,,0,0,11.2,9,80,1012,0,24.1,883,3.2,9,10,Clear,clear-day,
"Mexico City,Mexico",2024-02-19T15:00:00,23.1,23.1,-5.6,14.28,0,0,,0,0,12.2,9.7,74.1,1010,0,24.1,948,3.4,9,10,Clear,clear-day,
"Mexico City,Mexico",2024-02-19T16:00:00,22.8,22.8,-4.7,15.57,0,0,,0,0,9.7,7.9,110.6,1010,0,24.1,791,2.8,8,10,Clear,clear-day,
"Mexico City,Mexico",2024-02-19T17:00:00,22.5,22.5,-3.8,16.96,0,0,,0,0,7.6,5.8,147.2,1011,0,24.1,634,2.3,6,10,Clear,clear-day,
"Mexico City,Mexico",2024-02-19T18:00:00,22.2,22.2,-2.9,18.48,0,0,,0,0,5,4,183.7,1011,0,24.1,477,1.7,5,10,Clear,clear-day,
"Mexico City,Mexico",2024-02-19T19:00:00,20.8,20.8,-1.3,22.65,0,0,,0,0,6.8,5.4,199.8,1013,0,24.1,321,1.2,0,10,Clear,clear-night,
"Mexico City,Mexico",2024-02-19T20:00:00,19.3,19.3,0.3,27.93,0,0,,0,0,8.3,6.8,215.9,1014,0,24.1,164,0.6,0,10,Clear,clear-night,
"Mexico City,Mexico",2024-02-19T21:00:00,17.9,17.9,1.9,34.21,0,0,,0,0,10.1,8.3,232,1016,0,24.1,8,0,0,10,Clear,clear-night,
"Mexico City,Mexico",2024-02-19T22:00:00,17.2,17.2,2.1,36.27,0,0,,0,0,9.4,7.9,232.2,1016,0,24.1,5,0,0,10,Clear,clear-night,
"Mexico City,Mexico",2024-02-19T23:00:00,16.6,16.6,2.2,37.94,0,0,,0,0,8.6,7.6,232.4,1017,0,24.1,3,0,0,10,Clear,clear-night,
"Mexico City,Mexico",2024-02-20T00:00:00,15.9,15.9,2.4,40.24,0,0,,0,0,7.9,7.2,232.6,1017,0,24.1,0,0,0,10,Clear,clear-night,
"Mexico City,Mexico",2024-02-20T01:00:00,15.5,15.5,2.4,41.29,0,0,,0,0,7.2,6.5,231.4,1017,0,24.1,0,0,0,10,Clear,clear-night,
"Mexico City,Mexico",2024-02-20T02:00:00,15,15,2.5,42.94,0,0,,0,0,6.8,6.1,230.2,1017,0,24.1,0,0,0,10,Clear,clear-night,
"Mexico City,Mexico",2024-02-20T03:00:00,14.6,14.6,2.5,44.06,0,0,,0,0,6.1,5.4,229,1017,0,24.1,0,0,0,10,Clear,clear-night,
"Mexico City,Mexico",2024-02-20T04:00:00,14.2,14.2,2.5,45.21,0,0,,0,0,6.1,5.4,231.4,1017,0,24.1,0,0,0,10,Clear,clear-night,
"Mexico City,Mexico",2024-02-20T05:00:00,13.9,13.9,2.5,46.1,0,0,,0,0,5.8,5,233.8,1018,0,24.1,0,0,0,10,Clear,clear-night,
"Mexico City,Mexico",2024-02-20T06:00:00,13.5,13.5,2.5,47.32,0,0,,0,0,5.8,5,236.2,1018,0,24.1,0,0,0,10,Clear,clear-night,
"Mexico City,Mexico",2024-02-20T07:00:00,14.2,14.2,2,43.63,0,0,,0,0,5,4,223.6,1018,0,24.1,43,0.2,0,10,Clear,clear-night,
"Mexico City,Mexico",2024-02-20T08:00:00,14.8,14.8,1.5,40.5,0,0,,0,0,4.3,3.2,211,1019,0,24.1,85,0.3,1,10,Clear,clear-day,
"Mexico City,Mexico",2024-02-20T09:00:00,15.5,15.5,1,37.35,0,0,,0,0,3.6,2.2,198.4,1019,0,24.1,128,0.5,1,10,Clear,clear-day,
"Mexico City,Mexico",2024-02-20T10:00:00,17.4,17.4,-0.9,28.84,0,0,,0,0,5,3.6,156,1018,0,24.1,338,1.2,3,10,Clear,clear-day,
"Mexico City,Mexico",2024-02-20T11:00:00,19.4,19.4,-2.8,22.12,0,0,,0,0,6.8,5.4,113.5,1017,0,24.1,549,2,5,10,Clear,clear-day,
"Mexico City,Mexico",2024-02-20T12:00:00,21.3,21.3,-4.7,17.06,0,0,,0,0,8.3,6.8,71.1,1016,0,24.1,759,2.7,8,10,Clear,clear-day,
"Mexico City,Mexico",2024-02-20T13:00:00,22.5,22.5,-6.2,14.15,0,0,,0,0,9.7,8.6,71.8,1014,0,24.1,824,3,8,10,Clear,clear-day,
"Mexico City,Mexico",2024-02-20T14:00:00,23.6,23.6,-7.6,11.89,0,0,,0,0,11.2,10.8,72.6,1013,0,24.1,890,3.2,9,10,Clear,clear-day,
"Mexico City,Mexico",2024-02-20T15:00:00,24.8,24.8,-9.1,9.84,0,0,,0,0,12.6,12.6,73.3,1011,0,24.1,955,3.4,10,10,Clear,clear-day,
"Mexico City,Mexico",2024-02-20T16:00:00,24.4,24.4,-9.1,10.08,0,0,,0,0,11.5,13,70,1011,6.8,24.1,799,2.9,8,10,Clear,clear-day,
"Mexico City,Mexico",2024-02-20T17:00:00,24.1,24.1,-9,10.34,0,0,,0,0,10.4,13,66.6,1011,13.7,24.1,642,2.3,6,10,Clear,clear-day,
"Mexico City,Mexico",2024-02-20T18:00:00,23.7,23.7,-9,10.6,0,0,,0,0,9.4,13.3,63.3,1011,20.5,24.1,486,1.7,5,10,Partially cloudy,partly-cloudy-day,
"Mexico City,Mexico",2024-02-20T19:00:00,22.6,22.6,-6.9,13.33,0,0,,0,0,7.9,9.4,54.7,1012,13.7,24.1,327,1.2,0,10,Clear,clear-night,
"Mexico City,Mexico",2024-02-20T20:00:00,21.6,21.6,-4.9,16.5,0,0,,0,0,6.5,5.4,46.2,1013,6.9,24.1,167,0.6,0,10,Clear,clear-night,
"Mexico City,Mexico",2024-02-20T21:00:00,20.5,20.5,-2.8,20.66,0,0,,0,0,5,1.4,37.6,1014,0.1,24.1,8,0,0,10,Clear,clear-night,
"Mexico City,Mexico",2024-02-20T22:00:00,19.7,19.7,-2,23.03,0,0,,0,0,4,1.4,118.1,1015,12.8,24.1,5,0,0,10,Clear,clear-night,
"Mexico City,Mexico",2024-02-20T23:00:00,18.9,18.9,-1.2,25.67,0,0,,0,0,2.9,1.4,198.7,1015,25.5,24.1,3,0,0,10,Partially cloudy,partly-cloudy-night,
"Mexico City,Mexico",2024-02-21T00:00:00,18.1,18.1,-0.4,28.62,0,0,,0,0,1.8,1.4,279.2,1016,38.2,24.1,0,0,0,10,Partially cloudy,partly-cloudy-night,
"Mexico City,Mexico",2024-02-21T01:00:00,17.6,17.6,-0.3,29.75,0,0,,0,0,1.8,1.1,291.6,1016,27,24.1,0,0,0,10,Partially cloudy,partly-cloudy-night,
"Mexico City,Mexico",2024-02-21T02:00:00,17,17,-0.1,31.35,0,0,,0,0,1.4,1.1,304.1,1016,15.8,24.1,0,0,0,10,Clear,clear-night,
"Mexico City,Mexico",2024-02-21T03:00:00,16.5,16.5,0,32.6,0,0,,0,0,1.4,0.7,316.5,1016,4.6,24.1,0,0,0,10,Clear,clear-night,
"Mexico City,Mexico",2024-02-21T04:00:00,16.1,16.1,0.2,33.93,0,0,,0,0,1.8,1.4,269.7,1016,5.7,24.1,0,0,0,10,Clear,clear-night,
"Mexico City,Mexico",2024-02-21T05:00:00,15.6,15.6,0.5,35.8,0,0,,0,0,2.2,1.8,223,1017,6.9,24.1,0,0,0,10,Clear,clear-night,
"Mexico City,Mexico",2024-02-21T06:00:00,15.2,15.2,0.7,37.26,0,0,,0,0,2.5,2.5,176.2,1017,8,24.1,0,0,0,10,Clear,clear-night,
"Mexico City,Mexico",2024-02-21T07:00:00,15.6,15.6,0.6,36.06,0,0,,0,0,2.9,2.5,151.2,1018,38.7,24.1,35,0.1,0,10,Partially cloudy,partly-cloudy-night,
"Mexico City,Mexico",2024-02-21T08:00:00,16.1,16.1,0.6,34.92,0,0,,0,0,2.9,2.2,126.3,1018,69.3,24.1,69,0.2,1,10,Partially cloudy,partly-cloudy-day,
"Mexico City,Mexico",2024-02-21T09:00:00,16.5,16.5,0.5,33.8,0,0,,0,0,3.2,2.2,101.3,1019,100,24.1,104,0.4,1,10,Overcast,cloudy,
"Mexico City,Mexico",2024-02-21T10:00:00,18.2,18.2,-0.7,27.82,0,0,,0,0,5.8,3.6,99.7,1018,99.9,24.1,304,1.1,3,10,Overcast,cloudy,
"Mexico City,Mexico",2024-02-21T11:00:00,20,20,-1.9,22.77,0,0,,0,0,7.9,5.4,98.2,1017,99.9,24.1,504,1.8,5,10,Overcast,cloudy,
"Mexico City,Mexico",2024-02-21T12:00:00,21.7,21.7,-3.1,18.77,0,0,,0,0,10.4,6.8,96.6,1016,99.8,24.1,704,2.5,7,10,Overcast,cloudy,
"Mexico City,Mexico",2024-02-21T13:00:00,22.8,22.8,-4.1,16.29,0,0,,0,0,10.4,7.6,90,1014,99.6,24.1,766,2.8,8,10,Overcast,cloudy,
"Mexico City,Mexico",2024-02-21T14:00:00,23.8,23.8,-5.2,14.11,0,0,,0,0,10.8,8.3,83.3,1013,99.3,24.1,828,3,8,10,Overcast,cloudy,
"Mexico City,Mexico",2024-02-21T15:00:00,24.9,24.9,-6.2,12.24,0,0,,0,0,10.8,9,76.7,1011,99.1,24.1,890,3.2,9,10,Overcast,cloudy,
"Mexico City,Mexico",2024-02-21T16:00:00,24.6,24.6,-6,12.66,0,0,,0,0,8.6,6.5,82.1,1011,99,24.1,743,2.7,7,10,Overcast,cloudy,
"Mexico City,Mexico",2024-02-21T17:00:00,24.3,24.3,-5.8,13.08,0,0,,0,0,6.1,4,87.5,1010,98.9,24.1,595,2.1,6,10,Overcast,cloudy,
"Mexico City,Mexico",2024-02-21T18:00:00,24,24,-5.6,13.53,0.9,0,rain,0,0,4,1.4,92.9,1010,98.8,24.1,448,1.6,4,10,Overcast,cloudy,
"Mexico City,Mexico",2024-02-21T19:00:00,22.5,22.5,-3.7,17.09,0,0,,0,0,7.2,4.7,150.1,1012,97.8,24.1,301,1.1,0,10,Overcast,cloudy,
"Mexico City,Mexico",2024-02-21T20:00:00,21.1,21.1,-1.8,21.44,0,0,,0,0,10.4,7.6,207.4,1013,96.9,24.1,154,0.6,0,10,Overcast,cloudy,
"Mexico City,Mexico",2024-02-21T21:00:00,19.6,19.6,0.1,27.02,0,0,,0,0,13.7,10.8,264.6,1015,95.9,24.1,7,0,0,10,Overcast,cloudy,
"Mexico City,Mexico",2024-02-21T22:00:00,18.9,18.9,0.6,29.26,0,0,,0,0,11.9,9.7,259.1,1015,97.3,24.1,5,0,0,10,Overcast,cloudy,
"Mexico City,Mexico",2024-02-21T23:00:00,18.3,18.3,1.2,31.73,0,0,,0,0,10.4,8.6,253.5,1016,98.6,24.1,2,0,0,10,Overcast,cloudy,
"Mexico City,Mexico",2024-02-22T00:00:00,17.6,17.6,1.7,34.36,0,0,,0,0,8.6,7.6,248,1016,100,24.1,0,0,0,10,Overcast,cloudy,
"Mexico City,Mexico",2024-02-22T01:00:00,17.2,17.2,1.8,35.5,0,0,,0,0,7.6,6.5,247.1,1016,100,24.1,0,0,0,10,Overcast,cloudy,
"Mexico City,Mexico",2024-02-22T02:00:00,16.8,16.8,1.8,36.41,0,0,,0,0,6.1,5.8,246.2,1016,100,24.1,0,0,0,10,Overcast,cloudy,
"Mexico City,Mexico",2024-02-22T03:00:00,16.4,16.4,1.9,37.61,0,0,,0,0,5,4.7,245.3,1016,100,24.1,0,0,0,10,Overcast,cloudy,
"Mexico City,Mexico",2024-02-22T04:00:00,16,16,2.1,39.14,0,0,,0,0,4.3,4.3,251.1,1016,68.6,24.1,0,0,0,10,Partially cloudy,partly-cloudy-night,
"Mexico City,Mexico",2024-02-22T05:00:00,15.7,15.7,2.4,40.76,0,0,,0,0,3.6,3.6,256.9,1017,37.2,24.1,0,0,0,10,Partially cloudy,partly-cloudy-night,
"Mexico City,Mexico",2024-02-22T06:00:00,15.3,15.3,2.6,42.42,0,0,,0,0,2.9,3.2,262.7,1017,5.8,24.1,0,0,0,10,Clear,clear-night,
"Mexico City,Mexico",2024-02-22T07:00:00,15.8,15.8,2.6,41.08,0,0,,0,0,3.2,3.6,230.5,1017,3.9,24.1,42,0.2,0,10,Clear,clear-night,
"Mexico City,Mexico",2024-02-22T08:00:00,16.3,16.3,2.6,39.79,0,0,,0,0,4,4.3,198.2,1018,1.9,24.1,84,0.3,1,10,Clear,clear-day,
"Mexico City,Mexico",2024-02-22T09:00:00,16.8,16.8,2.6,38.54,0,0,,0,0,4.3,4.7,166,1018,0,24.1,126,0.5,1,10,Clear,clear-day,
"Mexico City,Mexico",2024-02-22T10:00:00,18.3,18.3,1.8,33.12,0,0,,0,0,5.8,6.1,138.7,1017,5.9,24.1,333,1.2,3,10,Clear,clear-day,
"Mexico City,Mexico",2024-02-22T11:00:00,19.7,19.7,0.9,28.45,0,0,,0,0,7.6,7.6,111.5,1017,11.8,24.1,539,1.9,5,10,Clear,clear-day,
"Mexico City,Mexico",2024-02-22T12:00:00,21.2,21.2,0.1,24.48,0.7,0,rain,0,0,9,9,84.2,1016,17.7,24.1,746,2.7,7,10,Clear,clear-day,
"Mexico City,Mexico",2024-02-22T13:00:00,22.3,22.3,-0.5,21.91,0,0,,0,0,11.5,10.1,81.1,1014,13.3,24.1,810,2.9,8,10,Clear,clear-day,
"Mexico City,Mexico",2024-02-22T14:00:00,23.3,23.3,-1.1,19.74,0,0,,0,0,13.7,10.8,77.9,1013,8.8,24.1,873,3.1,9,10,Clear,clear-day,
"Mexico City,Mexico",2024-02-22T15:00:00,24.4,24.4,-1.7,17.68,0,0,,0,0,16.2,11.9,74.8,1011,4.4,24.1,937,3.4,9,10,Clear,clear-day,
"Mexico City,Mexico",2024-02-22T16:00:00,24.1,24.1,-1.3,18.54,0,0,,0,0,13.3,10.1,127.7,1011,36.3,24.1,780,2.8,8,10,Partially cloudy,partly-cloudy-day,
"Mexico City,Mexico",2024-02-22T17:00:00,23.7,23.7,-0.8,19.69,0,0,,0,0,10.8,7.9,180.6,1011,68.1,24.1,623,2.2,6,10,Partially cloudy,partly-cloudy-day,
"Mexico City,Mexico",2024-02-22T18:00:00,23.4,23.4,-0.4,20.65,0,0,,0,0,7.9,6.1,233.5,1011,100,24.1,466,1.7,5,10,Overcast,cloudy,
"Mexico City,Mexico",2024-02-22T19:00:00,22.2,22.2,1,24.57,0,0,,0,0,10.8,7.9,251.4,1013,100,24.1,313,1.1,0,10,Overcast,cloudy,
"Mexico City,Mexico",2024-02-22T20:00:00,21.1,21.1,2.5,29.26,0,0,,0,0,13.7,10.1,269.2,1014,100,24.1,159,0.6,0,10,Overcast,cloudy,
"Mexico City,Mexico",2024-02-22T21:00:00,19.9,19.9,3.9,34.79,0,0,,0,0,16.6,11.9,287.1,1016,100,24.1,6,0,0,10,Overcast,cloudy,
"Mexico City,Mexico",2024-02-22T22:00:00,19.3,19.3,4.5,37.66,0,0,,0,0,15.1,10.8,292.3,1016,100,24.1,4,0,0,10,Overcast,cloudy,
"Mexico City,Mexico",2024-02-22T23:00:00,18.7,18.7,5,40.48,0,0,,0,0,13.3,10.1,297.6,1017,100,24.1,2,0,0,10,Overcast,cloudy,
"Mexico City,Mexico",2024-02-23T00:00:00,18.1,18.1,5.6,43.82,0,0,,0,0,11.9,9,302.8,1017,100,24.1,0,0,0,10,Overcast,cloudy,
"Mexico City,Mexico",2024-02-23T01:00:00,17.8,17.8,5.6,44.66,0,0,,0,0,9,7.2,288.7,1017,89.1,24.1,0,0,0,10,Partially cloudy,partly-cloudy-night,
"Mexico City,Mexico",2024-02-23T02:00:00,17.5,17.5,5.5,45.2,0,0,,0,0,6.5,5.4,274.7,1016,78.1,24.1,0,0,0,10,Partially cloudy,partly-cloudy-night,
"Mexico City,Mexico",2024-02-23T03:00:00,17.2,17.2,5.5,46.06,0,0,,0,0,3.6,3.6,260.6,1016,67.2,24.1,0,0,0,10,Partially cloudy,partly-cloudy-night,
"Mexico City,Mexico",2024-02-23T04:00:00,16.8,16.8,5.3,46.59,0,0,,0,0,2.9,2.9,268.9,1016,76.8,24.1,0,0,0,10,Partially cloudy,partly-cloudy-night,
"Mexico City,Mexico",2024-02-23T05:00:00,16.5,16.5,5,46.51,0,0,,0,0,2.2,2.5,277.1,1017,86.3,24.1,0,0,0,10,Partially cloudy,partly-cloudy-night,
"Mexico City,Mexico",2024-02-23T06:00:00,16.1,16.1,4.8,47.05,0,0,,0,0,1.4,1.8,285.4,1017,95.9,24.1,0,0,0,10,Overcast,cloudy,
"Mexico City,Mexico",2024-02-23T07:00:00,16.4,16.4,4.7,45.84,0,0,,0,0,1.8,2.2,234,1017,81,24.1,38,0.1,0,10,Partially cloudy,partly-cloudy-night,
"Mexico City,Mexico",2024-02-23T08:00:00,16.7,16.7,4.6,44.66,0,0,,0,0,2.2,2.5,182.5,1018,66,24.1,75,0.3,1,10,Partially cloudy,partly-cloudy-day,
"Mexico City,Mexico",2024-02-23T09:00:00,17,17,4.5,43.51,0,0,,0,0,2.5,2.9,131.1,1018,51.1,24.1,113,0.4,1,10,Partially cloudy,partly-cloudy-day,
"Mexico City,Mexico",2024-02-23T10:00:00,18.3,18.3,4.2,39.25,0,0,,0,0,4.7,4.7,112.7,1017,59.1,24.1,310,1.1,3,10,Partially cloudy,partly-cloudy-day,
"Mexico City,Mexico",2024-02-23T11:00:00,19.6,19.6,3.8,35.19,0,0,,0,0,7.2,6.1,94.2,1017,67.1,24.1,507,1.8,5,10,Partially cloudy,partly-cloudy-day,
"Mexico City,Mexico",2024-02-23T12:00:00,20.9,20.9,3.5,31.79,0,0,,0,0,9.4,7.9,75.8,1016,75.1,24.1,704,2.5,7,10,Partially cloudy,partly-cloudy-day,
"Mexico City,Mexico",2024-02-23T13:00:00,22.1,22.1,2.8,28.12,0,0,,0,0,11.2,7.2,83.2,1014,83.4,24.1,770,2.8,8,10,Partially cloudy,partly-cloudy-day,
"Mexico City,Mexico",2024-02-23T14:00:00,23.4,23.4,2,24.55,0,0,,0,0,12.6,6.8,90.5,1012,91.7,24.1,837,3,8,10,Overcast,cloudy,
"Mexico City,Mexico",2024-02-23T15:00:00,24.6,24.6,1.3,21.72,0,0,,0,0,14.4,6.1,97.9,1010,100,24.1,903,3.3,9,10,Overcast,cloudy,
"Mexico City,Mexico",2024-02-23T16:00:00,23.8,23.8,1.9,23.79,0,0,,0,0,14,8.6,135.8,1010,99.1,24.1,662,2.4,7,10,Overcast,cloudy,
"Mexico City,Mexico",2024-02-23T17:00:00,23,23,2.5,26.06,0,0,,0,0,14,11.2,173.6,1011,98.1,24.1,422,1.5,4,10,Overcast,cloudy,
"Mexico City,Mexico",2024-02-23T18:00:00,22.2,22.2,3.1,28.55,0,0,,0,0,13.7,13.7,211.5,1011,97.2,24.1,181,0.7,2,10,Overcast,cloudy,
"Mexico City,Mexico",2024-02-23T19:00:00,21.2,21.2,3.1,30.34,0,0,,0,0,13,13,220.5,1012,75.6,24.1,122,0.4,0,10,Partially cloudy,partly-cloudy-night,
"Mexico City,Mexico",2024-02-23T20:00:00,20.2,20.2,3.2,32.5,0,0,,0,0,12.2,11.9,229.6,1013,54,24.1,62,0.2,0,10,Partially cloudy,partly-cloudy-night,
"Mexico City,Mexico",2024-02-23T21:00:00,19.2,19.2,3.2,34.58,0,0,,0,0,11.5,11.2,238.6,1014,32.4,24.1,3,0,0,10,Partially cloudy,partly-cloudy-night,
"Mexico City,Mexico",2024-02-23T22:00:00,18.6,18.6,3.1,35.65,0,0,,0,0,10.4,10.1,239.6,1014,23.3,24.1,2,0,0,10,Partially cloudy,partly-cloudy-night,
"Mexico City,Mexico",2024-02-23T23:00:00,18,18,2.9,36.5,0,0,,0,0,9.4,9,240.7,1015,14.1,24.1,1,0,0,10,Clear,clear-night,
"Mexico City,Mexico",2024-02-24T00:00:00,17.4,17.4,2.8,37.64,0,0,,0,0,8.3,7.9,241.7,1015,5,24.1,0,0,0,10,Clear,clear-night,
"Mexico City,Mexico",2024-02-24T01:00:00,17,17,2.6,38.06,0,0,,0,0,7.6,7.6,243.8,1015,4.6,24.1,0,0,0,10,Clear,clear-night,
"Mexico City,Mexico",2024-02-24T02:00:00,16.6,16.6,2.4,38.49,0,0,,0,0,7.2,6.8,246,1014,4.3,24.1,0,0,0,10,Clear,clear-night,
"Mexico City,Mexico",2024-02-24T03:00:00,16.2,16.2,2.2,38.92,0,0,,0,0,6.5,6.5,248.1,1014,3.9,24.1,0,0,0,10,Clear,clear-night,
"Mexico City,Mexico",2024-02-24T04:00:00,15.9,15.9,1.8,38.56,0,0,,0,0,6.1,6.1,249.1,1014,2.6,24.1,0,0,0,10,Clear,clear-night,
"Mexico City,Mexico",2024-02-24T05:00:00,15.5,15.5,1.3,38.16,0,0,,0,0,6.1,6.1,250.1,1015,1.3,24.1,0,0,0,10,Clear,clear-night,
"Mexico City,Mexico",2024-02-24T06:00:00,15.2,15.2,0.9,37.8,0,0,,0,0,5.8,5.8,251.1,1015,0,24.1,0,0,0,10,Clear,clear-night,
"Mexico City,Mexico",2024-02-24T07:00:00,15.9,15.9,0.7,35.63,0,0,,0,0,5,4.7,233,1015,0,24.1,43,0.2,0,10,Clear,clear-day,
"Mexico City,Mexico",2024-02-24T08:00:00,16.5,16.5,0.5,33.8,0,0,,0,0,4,4,214.9,1015,0,24.1,86,0.3,1,10,Clear,clear-day,
"Mexico City,Mexico",2024-02-24T09:00:00,17.2,17.2,0.3,31.87,0,0,,0,0,3.2,2.9,196.8,1015,0,24.1,129,0.5,1,10,Clear,clear-day,
"Mexico City,Mexico",2024-02-24T10:00:00,18.9,18.9,0.2,28.43,0,0,,0,0,7.6,3.2,178.1,1014,0.3,24.1,336,1.2,3,10,Clear,clear-day,
"Mexico City,Mexico",2024-02-24T11:00:00,20.6,20.6,0,25.22,0,0,,0,0,12.2,3.2,159.4,1012,0.6,24.1,542,2,5,10,Clear,clear-day,
"Mexico City,Mexico",2024-02-24T12:00:00,22.3,22.3,-0.1,22.56,0,0,,0,0,16.6,3.6,140.7,1011,0.9,24.1,749,2.7,7,10,Clear,clear-day,
"Mexico City,Mexico",2024-02-24T13:00:00,23.2,23.2,-1.7,19,0,0,,0,0,17.3,7.6,175.9,1009,1.1,24.1,814,2.9,8,10,Clear,clear-day,
"Mexico City,Mexico",2024-02-24T14:00:00,24,24,-3.2,16.2,0,0,,0,0,18,11.5,211.1,1008,1.2,24.1,878,3.2,9,10,Clear,clear-day,
"Mexico City,Mexico",2024-02-24T15:00:00,24.9,24.9,-4.8,13.62,0,0,,0,0,18.7,15.5,246.3,1006,1.4,24.1,943,3.4,9,10,Clear,clear-day,
"Mexico City,Mexico",2024-02-24T16:00:00,23.9,23.9,-4.4,14.9,0,0,,0,0,19.1,16.9,243.4,1007,0.9,24.1,791,2.8,8,10,Clear,clear-day,
"Mexico City,Mexico",2024-02-24T17:00:00,22.9,22.9,-4.1,16.19,0,0,,0,0,19.8,18.4,240.5,1007,0.5,24.1,638,2.3,6,10,Clear,clear-day,
"Mexico City,Mexico",2024-02-24T18:00:00,21.9,21.9,-3.7,17.73,,0,,,0,20.2,19.8,237.6,1008,0,24.1,486,1.7,5,10,Clear,clear-day,
"Mexico City,Mexico",2024-02-24T19:00:00,20.7,20.7,-3.2,19.81,0,3.2,,0,0,20.5,17.6,239.5,1009,0,24.1,327,1.2,0,10,Clear,clear-night,
"Mexico City,Mexico",2024-02-24T20:00:00,19.5,19.5,-2.6,22.31,0,3.2,,0,0,20.9,15.5,241.3,1011,0,24.1,168,0.6,0,10,Clear,clear-night,
"Mexico City,Mexico",2024-02-24T21:00:00,18.3,18.3,-2.1,24.95,0,3.2,,0,0,21.2,13.3,243.2,1012,0,24.1,9,0,0,10,Clear,clear-night,
"Mexico City,Mexico",2024-02-24T22:00:00,17.7,17.7,-2.2,25.72,0,3.2,,0,0,18.7,12.6,238.3,1012,0,24.1,6,0,0,10,Clear,clear-night,
"Mexico City,Mexico",2024-02-24T23:00:00,17.1,17.1,-2.2,26.71,0,3.2,,0,0,16.6,11.9,233.5,1012,0,24.1,3,0,0,10,Clear,clear-night,
"Mexico City,Mexico",2024-02-25T00:00:00,16.5,16.5,-2.3,27.54,0,3.2,,0,0,14,11.2,228.6,1012,0,24.1,0,0,0,10,Clear,clear-night,
"Mexico City,Mexico",2024-02-25T01:00:00,16,16,-2.7,27.61,0,0,,0,0,12.6,10.1,235,1012,0,24.1,0,0,0,10,Clear,clear-night,
"Mexico City,Mexico",2024-02-25T02:00:00,15.4,15.4,-3.1,27.85,0,0,,0,0,11.5,9.4,241.5,1012,0,24.1,0,0,0,10,Clear,clear-night,
"Mexico City,Mexico",2024-02-25T03:00:00,14.9,14.9,-3.5,27.91,0,0,,0,0,10.1,8.3,247.9,1012,0,24.1,0,0,0,10,Clear,clear-night,
"Mexico City,Mexico",2024-02-25T04:00:00,14.5,14.5,-4,27.59,0,0,,0,0,9.4,7.9,245.4,1012,0,24.1,0,0,0,10,Clear,clear-night,
"Mexico City,Mexico",2024-02-25T05:00:00,14.1,14.1,-4.6,27.06,0,0,,0,0,8.6,7.2,242.8,1013,0,24.1,0,0,0,10,Clear,clear-night,
"Mexico City,Mexico",2024-02-25T06:00:00,13.7,13.7,-5.1,26.75,0,0,,0,0,7.9,6.8,240.3,1013,0,24.1,0,0,0,10,Clear,clear-night,
"Mexico City,Mexico",2024-02-25T07:00:00,14.5,14.5,-5.5,24.64,0,0,,0,0,7.9,6.1,232.3,1013,0,24.1,47,0.2,0,10,Clear,clear-day,
"Mexico City,Mexico",2024-02-25T08:00:00,15.3,15.3,-6,22.52,0,0,,0,0,7.9,5.8,224.2,1013,0,24.1,93,0.3,1,10,Clear,clear-day,
"Mexico City,Mexico",2024-02-25T09:00:00,16.1,16.1,-6.4,20.76,0,0,,0,0,7.9,5,216.2,1013,0,24.1,140,0.5,1,10,Clear,clear-day,
"Mexico City,Mexico",2024-02-25T10:00:00,18,18,-7.5,16.91,0,0,,0,0,10.8,5.4,218.4,1012,0,24.1,354,1.3,4,10,Clear,clear-day,
"Mexico City,Mexico",2024-02-25T11:00:00,20,20,-8.7,13.6,0,0,,0,0,13.7,6.1,220.5,1011,0,24.1,568,2,6,10,Clear,clear-day,
"Mexico City,Mexico",2024-02-25T12:00:00,21.9,21.9,-9.8,11.1,0,0,,0,0,16.6,6.5,222.7,1010,0,24.1,782,2.8,8,10,Clear,clear-day,
"Mexico City,Mexico",2024-02-25T13:00:00,22.8,22.8,-9.9,10.43,0,0,,0,0,19.1,10.1,219.1,1008,0,24.1,845,3,8,10,Clear,clear-day,
"Mexico City,Mexico",2024-02-25T14:00:00,23.8,23.8,-9.9,9.81,0,0,,0,0,21.2,14,215.6,1007,0,24.1,909,3.3,9,10,Clear,clear-day,
"Mexico City,Mexico",2024-02-25T15:00:00,24.7,24.7,-10,9.23,0,0,,0,0,23.8,17.6,212,1005,0,24.1,972,3.5,10,10,Clear,clear-day,
"Mexico City,Mexico",2024-02-25T16:00:00,23.7,23.7,-9.4,10.27,0,0,,0,0,22.3,18,214.1,1006,0,24.1,814,2.9,8,10,Clear,clear-day,
"Mexico City,Mexico",2024-02-25T17:00:00,22.7,22.7,-8.7,11.52,0,0,,0,0,20.9,18.4,216.1,1007,0,24.1,657,2.4,7,10,Clear,clear-day,
"Mexico City,Mexico",2024-02-25T18:00:00,21.7,21.7,-8.1,12.83,0,0,,0,0,19.4,18.7,218.2,1008,0,24.1,499,1.8,5,10,Clear,clear-day,
"Mexico City,Mexico",2024-02-25T19:00:00,20.4,20.4,-7.5,14.56,0,0,,0,0,17.3,16.2,225,1009,0,24.1,336,1.2,0,10,Clear,clear-night,
"Mexico City,Mexico",2024-02-25T20:00:00,19.2,19.2,-6.9,16.43,0,0,,0,0,15.5,13.7,231.9,1011,0,24.1,173,0.6,0,10,Clear,clear-night,
"Mexico City,Mexico",2024-02-25T21:00:00,17.9,17.9,-6.3,18.66,0,0,,0,0,13.3,11.2,238.7,1012,0,24.1,10,0,0,10,Clear,clear-night,
"Mexico City,Mexico",2024-02-25T22:00:00,17.1,17.1,-6.3,19.63,0,0,,0,0,13.3,11.2,237.7,1012,0,24.1,7,0,0,10,Clear,clear-night,
"Mexico City,Mexico",2024-02-25T23:00:00,16.4,16.4,-6.4,20.36,0,0,,0,0,13.7,11.2,236.6,1013,0,24.1,3,0,0,10,Clear,clear-night,
